-- MySQL dump 10.13  Distrib 5.5.28, for debian-linux-gnu (i686)
--
-- Host: localhost    Database: miamiao
-- ------------------------------------------------------
-- Server version	5.5.28-0ubuntu0.12.04.3-log

/*!40101 SET @OLD_CHARACTER_SET_CLIENT=@@CHARACTER_SET_CLIENT */;
/*!40101 SET @OLD_CHARACTER_SET_RESULTS=@@CHARACTER_SET_RESULTS */;
/*!40101 SET @OLD_COLLATION_CONNECTION=@@COLLATION_CONNECTION */;
/*!40101 SET NAMES utf8 */;
/*!40103 SET @OLD_TIME_ZONE=@@TIME_ZONE */;
/*!40103 SET TIME_ZONE='+00:00' */;
/*!40014 SET @OLD_UNIQUE_CHECKS=@@UNIQUE_CHECKS, UNIQUE_CHECKS=0 */;
/*!40014 SET @OLD_FOREIGN_KEY_CHECKS=@@FOREIGN_KEY_CHECKS, FOREIGN_KEY_CHECKS=0 */;
/*!40101 SET @OLD_SQL_MODE=@@SQL_MODE, SQL_MODE='NO_AUTO_VALUE_ON_ZERO' */;
/*!40111 SET @OLD_SQL_NOTES=@@SQL_NOTES, SQL_NOTES=0 */;

--
-- Table structure for table `buildings`
--

DROP TABLE IF EXISTS `buildings`;
/*!40101 SET @saved_cs_client     = @@character_set_client */;
/*!40101 SET character_set_client = utf8 */;
CREATE TABLE `buildings` (
  `id` int(11) NOT NULL AUTO_INCREMENT,
  `name` varchar(255) COLLATE utf8mb4_bin NOT NULL,
  `ax` int(11) NOT NULL DEFAULT '64',
  `ay` int(11) NOT NULL DEFAULT '0',
  `doorx` int(11) NOT NULL DEFAULT '0',
  `doory` int(11) NOT NULL DEFAULT '0',
  `kind` int(11) NOT NULL DEFAULT '0' COMMENT 'MiaoPath里面确定是否可以作为目标建筑物',
  `silver` int(11) NOT NULL DEFAULT '0',
  `sx` int(11) NOT NULL DEFAULT '1',
  `sy` int(11) NOT NULL DEFAULT '1',
  `IsStore` int(11) NOT NULL DEFAULT '0',
  `deleted` int(11) NOT NULL DEFAULT '0',
  `rate` float NOT NULL DEFAULT '1',
  `repairCost` int(11) NOT NULL DEFAULT '2',
  `des` varchar(100) COLLATE utf8mb4_bin NOT NULL,
  `goodsList` varchar(100) COLLATE utf8mb4_bin NOT NULL DEFAULT '[]',
  `switchable` tinyint(4) NOT NULL DEFAULT '1',
  PRIMARY KEY (`id`)
) ENGINE=InnoDB AUTO_INCREMENT=29 DEFAULT CHARSET=utf8mb4 COLLATE=utf8mb4_bin;
/*!40101 SET character_set_client = @saved_cs_client */;

--
-- Dumping data for table `buildings`
--

LOCK TABLES `buildings` WRITE;
/*!40000 ALTER TABLE `buildings` DISABLE KEYS */;
INSERT INTO `buildings` VALUES (1,'农家',313,298,47,107,5,40,1,1,0,0,1,2,'','[]',1),(2,'农田',61,36,0,0,0,10,1,1,2,0,1,2,'','[35]',1),(3,'桥梁',64,0,0,0,2,0,1,1,0,1,1,2,'','[]',1),(4,'樱花树',34,85,0,0,4,0,1,1,0,0,1,2,'','[]',1),(5,'工厂',77,62,0,0,0,100,1,1,0,0,1,2,'','[]',1),(6,'酒屋',66,93,0,0,0,50,1,1,1,0,1,2,'','[5, 6, 7, 8]',1),(7,'饮料店',32,66,0,0,0,100,1,1,1,0,1,2,'','[]',1),(8,'大宅',32,93,0,0,5,100,1,1,0,0,1.5,2,'','[]',1),(9,'道具屋',32,95,0,0,0,100,1,1,1,0,1,2,'','[16, 17, 18, 19]',1),(10,'锻造屋',34,95,0,0,0,200,1,1,1,0,1,2,'','[24, 25, 26, 27]',1),(11,'茶屋',21,38,0,0,0,50,1,1,1,0,1,2,'','[1, 2, 3, 4]',1),(12,'采矿场',28,105,0,0,0,100,2,1,3,0,1,2,'','[]',1),(13,'服装店',62,90,0,0,0,250,1,1,1,0,1,2,'','[20, 21, 22, 23]',1),(14,'豪宅',58,210,0,0,5,200,1,1,0,0,2,2,'','[]',1),(15,'道路',64,0,0,0,3,5,1,1,0,0,1,2,'','[]',1),(16,'画舫',76,78,0,0,0,100,1,1,1,0,1,2,'','[]',1),(17,'特产店',76,79,0,0,0,100,1,1,1,0,1,2,'','[13, 14, 15]',1),(18,'杂货店',71,70,0,0,0,100,1,1,1,0,1,2,'','[28, 29, 30, 31]',1),(19,'伐木场',54,81,0,0,0,0,1,1,0,1,1,2,'','[]',1),(20,'移除建筑物',64,0,0,0,0,0,1,1,0,1,1,2,'','[]',1),(21,'移动建筑物',64,0,0,0,0,20,1,1,0,1,1,2,'','[]',1),(22,'篱笆',64,0,0,0,10,0,1,1,0,1,1,2,'','[]',1),(24,'酒店',64,0,0,0,0,0,1,1,0,1,1,2,'','[]',1),(25,'饮料店',64,0,0,0,0,0,1,1,0,1,1,2,'','[]',1),(27,'大树',153,337,0,0,0,0,1,1,0,1,1,2,'','[]',1),(28,'坑道',64,0,0,0,0,150,1,1,4,0,1,2,'','[]',0);
/*!40000 ALTER TABLE `buildings` ENABLE KEYS */;
UNLOCK TABLES;

--
-- Table structure for table `equip`
--

DROP TABLE IF EXISTS `equip`;
/*!40101 SET @saved_cs_client     = @@character_set_client */;
/*!40101 SET character_set_client = utf8 */;
CREATE TABLE `equip` (
  `id` int(11) NOT NULL AUTO_INCREMENT,
  `name` varchar(100) COLLATE utf8mb4_bin NOT NULL,
  `attack` int(11) NOT NULL,
  `labor` int(11) NOT NULL,
  `defense` int(11) NOT NULL,
  `silver` int(11) NOT NULL,
  `kind` int(11) NOT NULL,
  `shoot` int(11) NOT NULL,
  `brawn` int(11) NOT NULL,
  `health` int(11) NOT NULL,
  `special` varchar(100) COLLATE utf8mb4_bin NOT NULL,
  `subKind` int(11) NOT NULL,
  `attribute` varchar(100) COLLATE utf8mb4_bin NOT NULL,
  `des` varchar(200) COLLATE utf8mb4_bin NOT NULL DEFAULT '没有描述',
  `researchCost` int(11) NOT NULL DEFAULT '100',
  PRIMARY KEY (`id`)
) ENGINE=InnoDB AUTO_INCREMENT=86 DEFAULT CHARSET=utf8mb4 COLLATE=utf8mb4_bin;
/*!40101 SET character_set_client = @saved_cs_client */;

--
-- Dumping data for table `equip`
--

LOCK TABLES `equip` WRITE;
/*!40000 ALTER TABLE `equip` DISABLE KEYS */;
INSERT INTO `equip` VALUES (1,'镰刀',3,8,0,20,0,0,0,0,'',0,'攻击+3 劳动+8','',100),(2,'木刀',6,0,0,30,0,0,0,0,'',0,'攻击+6','',100),(3,'短刀',9,0,0,80,0,0,0,0,'',0,'攻击+9','',100),(4,'斧',14,0,0,140,0,0,0,0,'',0,'攻击+14','',100),(5,'长刀',18,0,0,180,0,0,0,0,'',0,'攻击+18','',100),(6,'大刀',28,0,0,320,0,0,0,0,'',0,'攻击+28','',100),(7,'忍者刀',32,0,0,560,0,0,0,0,'',0,'攻击+32','',100),(8,'野太刀',48,0,0,750,0,0,0,0,'',0,'攻击+48','',100),(9,'斩马刀',70,0,0,910,0,0,0,0,'',0,'攻击+70','',100),(10,'超忍者刀',90,0,0,1300,0,0,0,0,'',0,'攻击+90','',100),(11,'竹枪',8,0,5,100,0,0,0,0,'',1,'攻击+8 防御+5','',100),(12,'长枪',12,0,10,180,0,0,0,0,'',1,'攻击+12 防御+10','',100),(13,'片镰枪',18,0,20,210,0,0,0,0,'',1,'攻击+18 防御+20','',100),(14,'十文字枪',28,0,30,420,0,0,0,0,'',1,'攻击+28 防御+30','',100),(15,'长柄刀',40,0,30,720,0,0,0,0,'',1,'攻击+40 防御+30','',100),(16,'巨枪',34,0,40,840,0,0,0,0,'',1,'攻击+34 防御+40','',100),(17,'木弓',15,0,0,160,0,0,0,0,'',2,'攻击+15','',100),(18,'三枚打弓',27,0,0,320,0,0,0,0,'',2,'攻击+27','',100),(19,'四方打弓',48,0,0,500,0,0,0,0,'',2,'攻击+48','',100),(20,'飞蝗弓',60,0,0,780,0,0,0,0,'',2,'攻击+60','',100),(21,'木杖',36,0,0,300,0,0,0,0,'',3,'攻击+36','',100),(22,'连击杖',68,0,0,560,0,0,0,0,'',3,'攻击+68','',100),(23,'轮回法杖',84,0,0,900,0,0,0,0,'',3,'攻击+84','',100),(24,'凌空杖',100,0,0,1250,0,0,0,0,'',3,'攻击+100','',100),(25,'火神杖',125,0,0,1600,0,0,0,0,'',3,'攻击+125','',100),(26,'棒球棍',40,0,0,0,0,0,0,0,'',0,'攻击+40','',100),(27,'鹰爪钩',15,0,30,200,0,0,0,0,'',4,'攻击+15 防御+30','',100),(28,'头巾',1,0,2,25,1,0,0,0,'',0,'防御+2 攻击+1','',100),(29,'假胡子',0,0,0,50,1,0,4,0,'',0,'腕力+4','',100),(30,'面具',0,0,0,50,1,4,0,0,'',0,'远程+4','',100),(31,'发卡',0,0,0,75,1,0,0,10,'',0,'体力+10','',100),(32,'手巾',0,10,0,110,1,0,0,0,'',0,'劳动+10','',100),(33,'蝴蝶结',0,0,0,90,1,0,0,20,'',0,'体力+20','',100),(34,'黑布圆帽',0,0,0,125,1,0,0,30,'',0,'体力+30','',100),(35,'眼带',3,0,0,130,1,0,0,0,'',0,'攻击+3','',100),(36,'草笠',0,0,5,150,1,0,2,0,'',0,'防御+5 腕力+2','',100),(37,'深草帽',0,0,2,175,1,0,6,0,'',0,'防御+2 腕力+6','',100),(38,'鸟帽子',0,0,2,190,1,6,0,0,'',0,'防御+2 远程+6','',100),(39,'眼镜',0,0,0,200,1,10,0,0,'',0,'远程+10','',100),(40,'钵金',2,0,5,210,1,0,0,0,'',0,'防御+5 攻击+2','',100),(41,'半首',0,0,8,240,1,0,0,0,'',0,'防御+8','',100),(42,'阵伞',0,0,5,250,1,0,4,0,'',0,'防御+5 腕力+4','',100),(43,'香蕉',0,0,5,0,1,0,0,100,'',0,'防御+5 体力+100','',100),(44,'棒球帽',0,0,0,0,1,8,8,0,'',0,'腕力+8 远程+8','',100),(45,'小鸡',0,0,10,0,1,0,0,0,'',0,'防御+10','',100),(46,'松茸',0,30,0,0,1,0,0,0,'',0,'劳动+30','',100),(47,'小甲',0,0,10,100,2,0,0,0,'',0,'防御+10','',100),(48,'铜甲',0,0,20,180,2,0,0,0,'',0,'防御+20','',100),(49,'佛甲',0,0,30,360,2,0,0,0,'',0,'防御+30','',100),(50,'仙台甲',0,0,38,0,2,0,0,0,'',0,'防御+38','',100),(51,'朱漆甲',0,0,42,0,2,0,0,0,'',0,'防御+42','',100),(52,'当世胸甲',0,0,40,630,2,0,0,0,'',0,'防御+40','',100),(53,'佛体胸甲',0,0,50,880,2,0,0,0,'',0,'防御+50','',100),(54,'仙台胸甲',0,0,58,0,2,0,0,0,'',0,'防御+58','',100),(55,'朱漆胸甲',0,0,62,0,2,0,0,0,'',0,'防御+62','',100),(56,'骑士胸甲',0,0,60,1200,2,0,0,0,'',0,'防御+60','',100),(57,'喵喵胸甲',0,-20,80,0,2,0,0,0,'',0,'防御+80 劳动-20','',100),(58,'忍者服',0,0,5,120,2,6,0,0,'',0,'防御+5 远程+6','',100),(59,'风魔服',0,0,15,220,2,20,0,0,'',0,'防御+15 远程+20','',100),(60,'连环甲',0,0,20,260,2,18,0,0,'',0,'防御+20 远程+18','',100),(61,'忍者铠甲',0,0,25,580,2,30,0,0,'',0,'防御+25 远程+30','',100),(62,'伊贺铠甲',0,0,40,920,2,40,0,0,'',0,'防御+40 远程+40','',100),(63,'女忍铠甲',0,0,30,0,2,20,0,0,'',0,'防御+30 远程+20','',100),(64,'男子汉的兜档布',20,0,0,0,2,0,0,50,'',0,'攻击+20 体力+50','',100),(65,'兔女郎装',0,0,40,0,2,0,0,250,'',0,'防御+40 体力+250','',100),(66,'超忍铠甲',0,0,30,0,2,60,0,0,'',0,'防御+30 远程+60','',100),(67,'草药',0,0,0,100,3,0,0,0,'',0,'战斗中每回合体力自动回复15%','',100),(68,'兵粮丸',0,0,0,300,3,0,0,0,'',0,'战斗中每回合体力自动回复20%','',100),(69,'银液丹',0,0,0,500,3,0,0,0,'',0,'战斗中每回合体力自动回复30%','',100),(70,'喵喵徽章',0,0,0,2020,3,0,0,0,'',0,'劳动+20','',100),(71,'手里剑',6,0,0,250,3,0,0,0,'',0,'攻击+6','',100),(72,'八方手里剑',10,0,0,380,3,0,0,0,'',0,'攻击+10','',100),(73,'魔法炸弹',30,0,0,550,3,0,0,0,'',0,'攻击+30','',100),(74,'棒球',8,0,0,0,3,0,0,0,'',0,'攻击+8','',100),(75,'忍犬',0,0,0,0,3,0,0,0,'',0,'技能:忍犬疾走 攻击20 体力80','',100),(76,'野猪',0,0,0,0,3,0,0,0,'',0,'技能:耐弓箭 攻击40 体力120','',100),(77,'野狼',0,0,0,0,3,0,0,0,'',0,'技能:战术2 攻击26 体力100','',100),(78,'山熊',0,0,0,0,3,0,0,0,'',0,'技能:耐步兵2 攻击60 体力240','',100),(79,'野锤',0,0,0,0,3,0,0,0,'',0,'技能：近战连击3 攻击20 体力300','',100),(80,'乌鸦',0,0,0,0,3,0,0,0,'',0,'技能：耐步兵 攻击14 体力50','',100),(81,'蛤蟆',0,0,0,0,3,0,0,0,'',0,'攻击+20 防御力+20','',100),(82,'矮马',0,0,0,240,3,0,0,0,'',0,'劳动+5 防御力-10','',100),(83,'板栗毛',0,0,0,0,3,0,0,0,'',0,'--','',100),(84,'黑鹿毛',0,0,0,0,3,0,0,0,'',0,'体力+20 腕力+10','',100),(85,'佐目毛',0,0,0,0,3,0,0,0,'',0,'远程+10 防御力+20','',100);
/*!40000 ALTER TABLE `equip` ENABLE KEYS */;
UNLOCK TABLES;

--
-- Table structure for table `goods`
--

DROP TABLE IF EXISTS `goods`;
/*!40101 SET @saved_cs_client     = @@character_set_client */;
/*!40101 SET character_set_client = utf8 */;
CREATE TABLE `goods` (
  `id` int(11) NOT NULL AUTO_INCREMENT,
  `name` varchar(100) COLLATE utf8mb4_bin NOT NULL,
  `food` int(11) NOT NULL,
  `stone` int(11) NOT NULL,
  `wood` int(11) NOT NULL,
  `store` int(11) NOT NULL,
  `price` int(11) NOT NULL,
  `condition` int(11) NOT NULL DEFAULT '0',
  `storeName` varchar(100) COLLATE utf8mb4_bin NOT NULL,
  `researchCost` int(11) NOT NULL DEFAULT '100',
  PRIMARY KEY (`id`)
) ENGINE=InnoDB AUTO_INCREMENT=36 DEFAULT CHARSET=utf8mb4 COLLATE=utf8mb4_bin;
/*!40101 SET character_set_client = @saved_cs_client */;

--
-- Dumping data for table `goods`
--

LOCK TABLES `goods` WRITE;
/*!40000 ALTER TABLE `goods` DISABLE KEYS */;
INSERT INTO `goods` VALUES (1,'豆糕',1,0,0,11,5,0,'茶屋',100),(2,'米饼',1,0,0,11,10,3,'茶屋',100),(3,'芋头饼',2,0,0,11,15,200,'茶屋',100),(4,'玉露糕',3,0,0,11,27,300,'茶屋',100),(5,'浊酒',1,0,0,6,6,0,'酒屋',100),(6,'白酒',2,0,0,6,13,100,'酒屋',100),(7,'坊酒',2,0,1,6,37,200,'酒屋',100),(8,'纯米酒',2,0,1,6,46,300,'酒屋',100),(9,'拌菜',2,0,0,11,14,0,'饭店',100),(10,'焖菜',2,0,0,11,16,200,'饭店',100),(11,'天妇罗',2,0,1,11,30,300,'饭店',100),(12,'舟形刺生',2,0,1,11,50,400,'饭店',100),(13,'干菇',0,0,1,17,16,0,'特产店',100),(14,'小刻刀',0,0,2,17,41,300,'特产店',100),(15,'木雕像',0,0,2,17,52,400,'特产店',100),(16,'茶碗',0,0,1,9,16,0,'道具屋',100),(17,'花瓶',0,1,0,9,30,300,'道具屋',100),(18,'信乐烧',0,2,0,9,74,400,'道具屋',100),(19,'陶偶',0,2,0,9,86,500,'道具屋',100),(20,'马甲',0,0,1,13,17,0,'服装店',100),(21,'无袖衫',0,0,2,13,46,300,'服装店',100),(22,'长袖衫',0,1,2,13,100,400,'服装店',100),(23,'华服',0,1,2,13,117,500,'服装店',100),(24,'镰刀',0,1,0,10,24,0,'锻造屋',100),(25,'风铃',0,1,0,10,30,400,'锻造屋',100),(26,'铁罐',0,2,0,10,72,500,'锻造屋',100),(27,'铁锅',0,2,0,10,84,600,'锻造屋',100),(28,'发卡',0,1,0,18,28,0,'杂货店',100),(29,'镜子',0,1,1,18,62,500,'杂货店',100),(30,'手镯',0,1,1,18,76,600,'杂货店',100),(31,'金饰项链',0,2,1,18,144,700,'杂货店',100),(32,'小绘本',0,0,1,0,16,0,'书店',100),(33,'挂历',0,0,2,0,44,400,'书店',100),(34,'小说书',0,0,2,0,56,500,'书店',100),(35,'食材',0,0,0,2,3,0,'农田',100);
/*!40000 ALTER TABLE `goods` ENABLE KEYS */;
UNLOCK TABLES;

--
-- Table structure for table `people`
--

DROP TABLE IF EXISTS `people`;
/*!40101 SET @saved_cs_client     = @@character_set_client */;
/*!40101 SET character_set_client = utf8 */;
CREATE TABLE `people` (
  `id` int(11) NOT NULL AUTO_INCREMENT,
  `name` varchar(255) COLLATE utf8mb4_bin NOT NULL,
  `ax` int(11) NOT NULL DEFAULT '163',
  `ay` int(11) NOT NULL DEFAULT '237',
  `jumpTime` float NOT NULL DEFAULT '1',
  `kind` int(11) NOT NULL DEFAULT '1',
  `brawn` int(11) NOT NULL DEFAULT '0',
  `health` int(11) NOT NULL DEFAULT '0',
  `labor` int(11) NOT NULL DEFAULT '0',
  `shoot` int(11) NOT NULL DEFAULT '0',
  `attack` int(11) NOT NULL DEFAULT '0',
  `defense` int(11) NOT NULL DEFAULT '0',
  `skill` int(11) NOT NULL DEFAULT '0',
  `healthAdd` int(11) NOT NULL DEFAULT '0',
  `brawnAdd` int(11) NOT NULL DEFAULT '0',
  `shootAdd` int(11) NOT NULL DEFAULT '0',
  `laborAdd` int(11) NOT NULL DEFAULT '0',
  `girl` int(11) NOT NULL DEFAULT '0',
  `skillName` varchar(100) COLLATE utf8mb4_bin NOT NULL,
  `silver` int(11) NOT NULL DEFAULT '0',
  `gold` int(11) NOT NULL DEFAULT '0',
  `delete` int(11) NOT NULL DEFAULT '0',
  PRIMARY KEY (`id`)
) ENGINE=InnoDB AUTO_INCREMENT=44 DEFAULT CHARSET=utf8mb4 COLLATE=utf8mb4_bin;
/*!40101 SET character_set_client = @saved_cs_client */;

--
-- Dumping data for table `people`
--

LOCK TABLES `people` WRITE;
/*!40000 ALTER TABLE `people` DISABLE KEYS */;
INSERT INTO `people` VALUES (1,'农民',17,37,1,1,0,0,0,0,0,0,0,0,0,0,0,0,'',0,0,0),(2,'商人',0,0,1,2,0,0,0,0,0,0,0,0,0,0,0,0,'',0,0,0),(3,'阿凡达',163,237,1,1,12,66,24,16,0,0,29,4,0,0,1,0,'防御UP3',0,600,0),(4,'猫王',163,237,1,1,26,67,16,16,0,0,42,4,0,0,2,0,'货物运送',0,0,0),(5,'宫本武藏',164,237,1,1,34,51,1,3,0,0,34,8,1,0,0,0,'近战连击4',0,0,0),(6,'杰克船长',163,237,1,1,6,76,26,18,0,0,13,4,0,2,0,0,'耐弓箭4',0,500,0),(7,'Angela',163,237,1,1,14,79,34,26,0,0,4,6,2,0,0,1,'战术4',0,600,0),(8,'商人猫',163,237,1,2,0,0,0,0,0,0,0,0,0,0,0,0,'',0,0,0),(9,'猫卡丘',163,237,1,1,16,57,11,7,0,0,29,6,1,0,1,0,'防御UP3',0,0,0),(10,'靴子猫',163,237,1,1,8,54,26,14,0,0,41,7,2,2,1,1,'远程无效',1000,0,0),(11,'蝙蝠侠',163,237,1,1,24,64,28,6,0,0,39,5,0,0,1,0,'弓箭无效',0,200,0),(12,'忍者喵',163,237,1,1,20,51,30,15,0,0,8,4,0,0,1,1,'耐步兵3',0,600,0),(13,'凹凸喵',163,237,1,1,27,73,6,16,0,0,42,4,0,0,2,0,'货物运送',0,800,0),(14,'娜米',163,237,1,1,5,48,13,20,0,0,29,5,1,0,2,1,'防御UP3',0,800,0),(15,'超人喵',163,237,1,1,6,44,16,8,0,0,12,6,1,0,2,0,'耐弓箭3',0,1000,0),(16,'机器喵',163,237,1,1,29,62,20,6,0,0,25,5,0,0,2,0,'攻击UP3',0,800,0),(17,'凯蒂',163,237,1,1,12,61,27,21,0,0,3,6,1,0,2,1,'战术3',0,600,0),(18,'村民1',163,237,1,1,34,46,11,6,0,0,20,8,0,0,0,0,'耐骑兵3',1000,0,0),(19,'村民2',163,237,1,1,14,51,28,19,0,0,29,8,1,0,0,0,'防御UP3',1200,0,0),(20,'村民3',163,237,1,1,22,57,18,16,0,0,16,8,1,0,0,0,'耐魔法3',1200,0,0),(21,'村民4',163,237,1,1,39,63,26,26,0,0,12,8,0,1,0,0,'耐弓箭3',1400,0,0),(22,'村民5',163,237,1,1,16,52,38,8,0,0,9,9,1,1,0,0,'耐步兵4',1600,0,0),(23,'村民6',163,237,1,1,21,61,38,28,0,0,4,9,1,0,1,0,'战术4',1600,0,0),(24,'村民7',163,237,1,1,18,53,6,36,0,0,17,10,1,1,0,0,'耐魔法4',1800,0,0),(25,'村民8',163,237,1,1,14,55,18,12,0,0,21,10,1,0,0,0,'耐骑兵4',2000,0,0),(26,'村民9',163,237,1,1,15,42,31,36,0,0,37,4,0,1,0,0,'远程连击3',2000,0,0),(27,'村民10',163,237,1,1,28,51,38,38,0,0,29,4,0,1,0,0,'防御UP3',2200,0,0),(28,'村民11',163,237,1,1,20,79,15,14,0,0,16,3,0,2,0,0,'耐魔法3',2400,0,0),(29,'村民12',163,237,1,1,18,66,18,18,0,0,37,4,0,2,0,0,'远程连击3',2400,0,0),(30,'村民13',163,237,1,1,12,72,32,23,0,0,12,3,1,2,0,0,'耐弓箭3',2600,0,0),(31,'村民14',163,237,1,1,27,55,24,29,0,0,37,4,0,2,0,0,'远程连击3',2800,0,0),(32,'村民15',163,237,1,1,14,69,21,34,0,0,8,4,1,2,1,0,'耐步兵3',2800,0,0),(33,'村民16',163,237,1,1,6,59,34,41,0,0,4,4,1,2,0,0,'战术4',3000,0,0),(34,'村民17',163,237,1,1,32,60,15,54,0,0,26,5,2,2,0,0,'攻击UP4',3000,0,0),(35,'村民18',163,237,1,1,34,64,11,34,0,0,20,6,1,0,0,0,'耐骑兵3',3500,0,0),(36,'村民19',163,237,1,1,9,77,34,18,0,0,25,5,2,0,1,0,'攻击UP3',3500,0,0),(37,'村民20',163,237,1,1,15,46,28,12,0,0,33,8,2,0,0,0,'近战连击3',4000,0,0),(38,'村民21',163,237,1,1,18,60,20,11,0,0,29,6,2,1,0,0,'防御UP3',4000,0,0),(39,'村民22',163,237,1,1,21,65,17,28,0,0,16,6,2,0,0,0,'耐魔法3',4000,0,0),(40,'村民23',163,237,1,1,34,64,26,31,0,0,33,8,2,0,0,0,'近战连击3',4500,0,0),(41,'村民24',163,237,1,1,10,66,18,7,0,0,3,6,3,1,0,0,'战术3',4500,0,0),(42,'村民25',163,237,1,1,17,58,26,27,0,0,26,6,3,1,0,0,'攻击UP4',5000,0,0),(43,'村民26',163,237,1,1,23,72,6,19,0,0,34,6,3,0,0,0,'近战连击4',5000,0,0);
/*!40000 ALTER TABLE `people` ENABLE KEYS */;
UNLOCK TABLES;

--
-- Table structure for table `picName`
--

DROP TABLE IF EXISTS `picName`;
/*!40101 SET @saved_cs_client     = @@character_set_client */;
/*!40101 SET character_set_client = utf8 */;
CREATE TABLE `picName` (
  `id` int(11) NOT NULL AUTO_INCREMENT,
  `cnName` varchar(100) NOT NULL,
  `engName` varchar(200) NOT NULL,
  PRIMARY KEY (`id`),
  UNIQUE KEY `cnName` (`cnName`)
) ENGINE=InnoDB AUTO_INCREMENT=182 DEFAULT CHARSET=utf8;
/*!40101 SET character_set_client = @saved_cs_client */;

--
-- Dumping data for table `picName`
--

LOCK TABLES `picName` WRITE;
/*!40000 ALTER TABLE `picName` DISABLE KEYS */;
INSERT INTO `picName` VALUES (1,'按钮a','buta'),(3,'金币','goldIcon'),(4,'充值图标','chargeIcon'),(5,'数字底','numBack'),(6,'银币','silverIcon'),(8,'主菜单底板','mainBoard'),(9,'主菜单框a','mainA'),(10,'主菜单框b','mainB'),(12,'建筑图标','icon0'),(13,'伙伴图标','icon1'),(14,'研究图标','icon2'),(15,'商人图标','icon3'),(16,'兵力图标','icon4'),(17,'情报图标','icon5'),(18,'系统图标','icon6'),(22,'主菜单框a2','mainBa'),(25,'主菜单框b2','mainBb'),(26,'关闭按钮','newClose'),(27,'单个商品框','singleGoods'),(30,'标签b','tabb'),(31,'对话框背景b','dialogB'),(32,'对话框背景a','dialogA'),(33,'标签a','taba'),(42,'环境图标','envIcon'),(43,'劳动图标','laborIcon'),(44,'店铺图标','storeIcon'),(46,'按钮c','butc'),(48,'人才启用框','peopBoard'),(49,'进度提底a','proa'),(50,'进度提底b','prob'),(51,'人才启用角色','role'),(55,'蓝色格子','newBlueGrid'),(56,'红色格子','newRedGrid'),(59,'小对话框','smallDialog'),(60,'酒屋商品单个',''),(61,'饮料店商品单个',''),(64,'女猫',''),(65,'女猫阴影',''),(66,'男猫',''),(67,'男猫阴影',''),(68,'滚动条色','scrollPro'),(69,'滚动条底','scrollBack'),(74,'按钮d','butd'),(75,'按钮b','butb'),(79,'右箭头','newRightArrow'),(80,'左箭头','newLeftArrow'),(81,'栅栏右a.psd',''),(82,'shadow1',''),(83,'a2',''),(84,'a1',''),(85,'a3',''),(86,'shadow0',''),(87,'b3',''),(88,'b2',''),(89,'b1.png',''),(90,'列表框a','listA'),(91,'列表框b','listB'),(94,'通用角色头像','headIcon'),(95,'角色属性框a','heroAttr'),(96,'通用物品图标','goodsIcon'),(100,'武底框','weaponIcon'),(101,'头底框','topIcon'),(102,'体底框','bodyIcon'),(103,'特底框','speIcon'),(104,'对话框背景c','dialogC'),(105,'小对话框a','sdialoga'),(108,'属性图标','attIcon'),(109,'技能图标','skillIcon'),(110,'兵力选中框','selSoldier'),(112,'道具店',''),(113,'服装店',''),(114,'锻造坊',''),(115,'杂货铺',''),(116,'特产店',''),(117,'饭店',''),(118,'画廊',''),(119,'豪宅',''),(120,'大宅',''),(157,'表格','storeTable'),(158,'进度条色c','procolC'),(159,'进度条底c','probackC'),(160,'矿石图标','stoneIcon'),(161,'木材图标','woodIcon'),(162,'食材图标','foodIcon'),(168,'左箭头a','lefta'),(169,'右箭头a','righta'),(172,'列表框d','listd'),(173,'列表框c','listc'),(174,'木材数量3',''),(175,'木材数量2',''),(176,'木材数量1',''),(177,'伐木场',''),(178,'矿石数量3',''),(179,'矿石数量2',''),(180,'矿石数量1',''),(181,'采石场','');
/*!40000 ALTER TABLE `picName` ENABLE KEYS */;
UNLOCK TABLES;

--
-- Table structure for table `skill`
--

DROP TABLE IF EXISTS `skill`;
/*!40101 SET @saved_cs_client     = @@character_set_client */;
/*!40101 SET character_set_client = utf8 */;
CREATE TABLE `skill` (
  `id` int(11) NOT NULL AUTO_INCREMENT,
  `name` varchar(200) COLLATE utf8mb4_bin NOT NULL,
  `attribute` varchar(100) COLLATE utf8mb4_bin NOT NULL,
  PRIMARY KEY (`id`)
) ENGINE=InnoDB AUTO_INCREMENT=43 DEFAULT CHARSET=utf8mb4 COLLATE=utf8mb4_bin;
/*!40101 SET character_set_client = @saved_cs_client */;

--
-- Dumping data for table `skill`
--

LOCK TABLES `skill` WRITE;
/*!40000 ALTER TABLE `skill` DISABLE KEYS */;
INSERT INTO `skill` VALUES (1,'战术','角色所在兵种攻击力+5%'),(2,'战术2','角色所在兵种攻击力+10%'),(3,'战术3','角色所在兵种攻击力+15%'),(4,'战术4','角色所在兵种攻击力+20%'),(5,'战术5','角色所在兵种攻击力+25%'),(6,'耐步兵','角色所在兵种对步兵防御力+5%'),(7,'耐步兵2','角色所在兵种对步兵防御力+10%'),(8,'耐步兵3','角色所在兵种对步兵防御力+15%'),(9,'耐步兵4','角色所在兵种对步兵防御力+20%'),(10,'耐弓箭','角色所在兵种对弓兵防御力+5%'),(11,'耐弓箭2','角色所在兵种对弓兵防御力+10%'),(12,'耐弓箭3','角色所在兵种对弓兵防御力+15%'),(13,'耐弓箭4','角色所在兵种对弓兵防御力+20%'),(14,'耐魔法','角色所在兵种对魔法防御力+5%'),(15,'耐魔法2','角色所在兵种对魔法防御力+10%'),(16,'耐魔法3','角色所在兵种对魔法防御力+15%'),(17,'耐魔法4','角色所在兵种对魔法防御力+20%'),(18,'耐骑兵','角色所在兵种对骑兵防御力+5%'),(19,'耐骑兵2','角色所在兵种对骑兵防御力+10%'),(20,'耐骑兵3','角色所在兵种对骑兵防御力+15%'),(21,'耐骑兵4','角色所在兵种对骑兵防御力+20%'),(22,'耐骑兵5','角色所在兵种对骑兵防御力+25%'),(23,'攻击UP','角色攻击力+10'),(24,'攻击UP2','角色攻击力+20'),(25,'攻击UP3','角色攻击力+30'),(26,'攻击UP4','角色攻击力+40'),(27,'防御UP','角色防御力+10'),(28,'防御UP2','角色防御力+20'),(29,'防御UP3','角色防御力+30'),(30,'防御UP4','角色防御力+40'),(31,'近战连击','连续发动2次攻击（步兵有效）'),(32,'近战连击2','连续发动3次攻击（步兵有效）'),(33,'近战连击3','连续发动4次攻击（步兵有效）'),(34,'近战连击4','连续发动5次攻击（步兵有效）'),(35,'远程连击','连续发动2次攻击（远程有效）'),(36,'远程连击2','连续发动3次攻击（远程有效）'),(37,'远程连击3','连续发动4次攻击（远程有效）'),(38,'远程连击4','连续发动5次攻击（远程有效）'),(39,'弓箭无效','角色对弓箭伤害免疫'),(40,'魔法无效','角色对魔法伤害免疫'),(41,'远程无效','角色对远程伤害免疫'),(42,'货物运送','角色在村落中移动速度X2');
/*!40000 ALTER TABLE `skill` ENABLE KEYS */;
UNLOCK TABLES;

--
-- Table structure for table `user`
--

DROP TABLE IF EXISTS `user`;
/*!40101 SET @saved_cs_client     = @@character_set_client */;
/*!40101 SET character_set_client = utf8 */;
CREATE TABLE `user` (
  `uid` int(11) NOT NULL AUTO_INCREMENT,
  `silver` int(11) NOT NULL DEFAULT '0',
  PRIMARY KEY (`uid`)
) ENGINE=InnoDB DEFAULT CHARSET=utf8mb4 COLLATE=utf8mb4_bin;
/*!40101 SET character_set_client = @saved_cs_client */;

--
-- Dumping data for table `user`
--

LOCK TABLES `user` WRITE;
/*!40000 ALTER TABLE `user` DISABLE KEYS */;
/*!40000 ALTER TABLE `user` ENABLE KEYS */;
UNLOCK TABLES;

--
-- Table structure for table `userBuilding`
--

DROP TABLE IF EXISTS `userBuilding`;
/*!40101 SET @saved_cs_client     = @@character_set_client */;
/*!40101 SET character_set_client = utf8 */;
CREATE TABLE `userBuilding` (
  `uid` int(11) NOT NULL,
  `bid` int(11) NOT NULL,
  `kind` int(11) NOT NULL DEFAULT '0',
  `food` int(11) NOT NULL DEFAULT '0',
  `stone` int(11) NOT NULL DEFAULT '0',
  `product` int(11) NOT NULL DEFAULT '0',
  `productKind` int(11) NOT NULL DEFAULT '0',
  `wood` int(11) NOT NULL DEFAULT '0',
  UNIQUE KEY `uid` (`uid`,`bid`)
) ENGINE=InnoDB DEFAULT CHARSET=utf8mb4 COLLATE=utf8mb4_bin;
/*!40101 SET character_set_client = @saved_cs_client */;

--
-- Dumping data for table `userBuilding`
--

LOCK TABLES `userBuilding` WRITE;
/*!40000 ALTER TABLE `userBuilding` DISABLE KEYS */;
/*!40000 ALTER TABLE `userBuilding` ENABLE KEYS */;
UNLOCK TABLES;
/*!40103 SET TIME_ZONE=@OLD_TIME_ZONE */;

/*!40101 SET SQL_MODE=@OLD_SQL_MODE */;
/*!40014 SET FOREIGN_KEY_CHECKS=@OLD_FOREIGN_KEY_CHECKS */;
/*!40014 SET UNIQUE_CHECKS=@OLD_UNIQUE_CHECKS */;
/*!40101 SET CHARACTER_SET_CLIENT=@OLD_CHARACTER_SET_CLIENT */;
/*!40101 SET CHARACTER_SET_RESULTS=@OLD_CHARACTER_SET_RESULTS */;
/*!40101 SET COLLATION_CONNECTION=@OLD_COLLATION_CONNECTION */;
/*!40111 SET SQL_NOTES=@OLD_SQL_NOTES */;

-- Dump completed on 2014-01-02 14:07:12
